{
    "ficheiros": [


        {
            "nome": "manuel.pdf",
            "tipo": "pdf",
            "meta": [{
                "numero_pags": 3
            }]
        }
    ],
    "pasta_rec": [


        {
            "nome": "pasta1",
            "pasta": {
                "ficheiros": [{

                    "nome": "teste.pdf",
                    "tipo": "pdf",
                    "meta": [{
                        "numero_pags": 3
                    }]
                }],
                "pasta_rec": []
            }
        }







    ]
}